Headline,Description
UK arms ban for Israel would help Hamas - Cameron,Foreign Secretary David Cameron tells the BBC the UK should focus on getting humanitarian aid into Gaza
Stars line red carpet for UKs Bafta TV Awards,Nominees arrive at Londons Royal Festival Hall for the biggest night in British television
Man who received first pig kidney transplant dies,Foreign Secretary David Cameron tells the BBC the UK should focus on getting humanitarian aid into Gaza
Why Modis party is not fighting elections in Kashmir,The BBCs Jonathan Beale meets front-line soldiers battling Russias new incursion in north-east Ukraine
UK arms ban for Israel would help Hamas - Cameron,Alok Shukla has spent years fighting to protect a key Indian forest from mining companies
The Russians simply walked in Ukrainian troops in Kharkiv tell BBC,Yan Xiong escaped from China in 1992 but he and other dissidents are still being targeted by Beijing
The man who took on the coal industry to save a forest - and won,Nominees arrive at Londons Royal Festival Hall for the biggest night in British television
The escaped dissident still pursued decades on by China,Dozens stand in line in the early morning for a glimpse at the first criminal trial of a former US president
Stars line red carpet for UKs Bafta TV Awards,Pravesh Kumar says he wants people to ask difficult questions about Indias film industry
Cult movie director Roger Corman dies aged 98,Dozens stand in line in the early morning for a glimpse at the first criminal trial of a former US president
Shein suppliers still work 75-hour weeks - report,A selection of striking images from around the world taken over the past seven days
Harry and Meghan visit school on last day in Nigeria,The Indian PMs remarks against Muslims on the election trail have puzzled many What is going on
India court grants bail to jailed opposition leader,Pravesh Kumar says he wants people to ask difficult questions about Indias film industry
Domestic tourism soars in China but foreigners stay away,Opponents fear the governments bill will silence critics ahead of parliamentary elections later this year
Tourists history seekers and a puppet Meet the Trump trial devotees,A new exhibit at the American Museum of Natural History features jewellery from some of the genres biggest names
I want to change sexist Bollywood says film-maker,Opponents fear the governments bill will silence critics ahead of parliamentary elections later this year
Is social media worth paying for,More than 100 people are injured according to officials as torrents of water sweep through entire villages
Brazil floods drive thousands from their homes,More than 300 items found at sea were reported last year including an elephant tusk and human bones
Tourists history seekers and a puppet Meet the Trump trial devotees,A new exhibit at the American Museum of Natural History features jewellery from some of the genres biggest names
Red carpets racing and flames Photos of the week,Follow text updates as Manchester United take on Tottenham in the Womens FA Cup final
Modis divisive campaign rhetoric raises questions,World number one Novak Djokovic is out of the Italian Open after losing to Chiles Alejandro Tabilo in straight sets
I want to change sexist Bollywood says film-maker,Follow text updates as Manchester United take on Tottenham in the Womens FA Cup final
Thousands march in Georgia over foreign influence bill,West Bromwich Albion and Southampton could not be separated at The Hawthorns as the second Championship play-off semi-final of the day finished goalless
See the hip-hop bling on display in New York,Telling James Anderson it is time to step aside shows a ruthlessness from Brendon McCullum and Ben Stokes that should end suggestions of a cosy England dressing room writes Stephan Shemilt
Thousands evacuated due to British Columbia wildfire,World number one Novak Djokovic is out of the Italian Open after losing to Chiles Alejandro Tabilo in straight sets
